,train_loss,val_loss,train_precision,val_precision
0,2.299368023700728,1.6565714819090707,"(59.375, 92.1875)","(62.5, 92.85713958740234)"
